Model_id,Model Name,URL,split
58390,Detail Tweaker LoRA (细节调整LoRA),https://civitai.com/api/download/models/62833,train
11177,Anime Tarot Card Art Style LoRA (塔罗牌/タロットカード),https://civitai.com/api/download/models/28609,train
7563,【Character】alice (nikke),https://civitai.com/api/download/models/18060,train
16997,Standing Full Body with Background Style LoRA (带背景立绘/背景付き立ち絵),https://civitai.com/api/download/models/20072,train
42118,【POV】Arm Support and From Below 被压视角,https://civitai.com/api/download/models/46806,eval
12657,Thai university uniform,https://civitai.com/api/download/models/58690,train
17967,Murky's - Finger in Mouth LoRA,https://civitai.com/api/download/models/21236,train
66030,Purah (The Legend of Zelda: Tears of the Kingdom) LoRA,https://civitai.com/api/download/models/91449,train
91455,Kitagawa Marin 喜多川海夢 / Sono Bisque Doll wa Koi wo Suru,https://civitai.com/api/download/models/97468,train
87167,Tifa Lockhart/ティファ・ロックハート (Final Fantasy VII) LoRA | 11 Outfits,https://civitai.com/api/download/models/311382,train
55320,Sailor Mercury セーラーマーキュリー / Sailor Moon,https://civitai.com/api/download/models/59697,train
89013,Bulma ブルマ / Dragon Ball,https://civitai.com/api/download/models/94729,train
11413,Haute Couture - by EDG,https://civitai.com/api/download/models/322508,train
78997,Pop Up Parade (Anime Figures/ Figurines) (Style),https://civitai.com/api/download/models/83799,eval
33609,Gothic Punk Girl,https://civitai.com/api/download/models/256303,train
196752,Hyper detailer,https://civitai.com/api/download/models/229782,eval
19327,TWbabe,https://civitai.com/api/download/models/47581,train
5367,[Tsumasaky] Nilou - Genshin Impact LoRA,https://civitai.com/api/download/models/75255,train
20846,Biomechanicals (HR Giger),https://civitai.com/api/download/models/24810,train
78033,Rosa メイ / Pokemon,https://civitai.com/api/download/models/82809,train
80848,Hatsune Miku 初音ミク | 23 Outfits | Character Lora 9289,https://civitai.com/api/download/models/85767,train
102305,Headpat POV | Concept LoRA,https://civitai.com/api/download/models/179967,train
9192,Kamisato Ayaka | 神里綾華 (Genshin Impact),https://civitai.com/api/download/models/10895,eval
30672,clothes Transparent raincoat,https://civitai.com/api/download/models/37117,train
185743,8bitdiffuser 64x | a perfect pixel art model,https://civitai.com/api/download/models/636318,train
80237,Minamoto no Raikou (Yorimitsu) 源頼光 / Fate/Grand Order,https://civitai.com/api/download/models/85057,train
8668,【Concept】Cultivation Tank/Stasis Tank 培养罐/培养缸,https://civitai.com/api/download/models/22219,train
23715,苗族服装 | Hmong costume,https://civitai.com/api/download/models/28329,eval
20648,Jessie pokemon | Goofy Ai,https://civitai.com/api/download/models/155998,eval
90393,Japan Vibes - Film color,https://civitai.com/api/download/models/107032,train
78376,【Muggle Lora】Real Fitting room selfie 真实试衣间自拍,https://civitai.com/api/download/models/83182,train
13320,Houshou Marine (5 Outfits) | Hololive,https://civitai.com/api/download/models/51703,train
22702,Traditional Maid Dress,https://civitai.com/api/download/models/27109,train
18122,Fitting Room,https://civitai.com/api/download/models/94485,train
148302,Fishnet Top | Goofy Ai,https://civitai.com/api/download/models/165486,train
117073,Yor Forger (Yor Briar) ヨル・フォージャー (ヨル・ブライア) / SPY × FAMILY,https://civitai.com/api/download/models/126823,train
7759,Hayase Yuuka / 早瀬 ユウカ Blue Archive - 4 outfits,https://civitai.com/api/download/models/45816,train
77995,【Muggle Lora】Escalatorview 扶梯视角,https://civitai.com/api/download/models/82768,train
63013,Aerith Gainsborough (Final Fantasy VII) LoRA,https://civitai.com/api/download/models/67528,eval
31342,M_vehicle 卡通车车,https://civitai.com/api/download/models/37767,train
19431,Shinjo Akane 新条アカネ / SSSS.GRIDMAN & GRIDMAN UNIVERSE,https://civitai.com/api/download/models/108238,train
24317,Kokkoro / コッコロ,https://civitai.com/api/download/models/29071,train
30034,concept Bags under eyes(dark circles),https://civitai.com/api/download/models/36182,train
59932,銀狼 - Silver Wolf / Honkai: Star Rail - 崩壊スターレイル,https://civitai.com/api/download/models/129022,train
159189,"Mesugaki Expression ""Pack"" Concept LoRA",https://civitai.com/api/download/models/179001,train
47286,DOA - Marie Rose,https://civitai.com/api/download/models/202080,train
93895,Chinese Style_Future_v1,https://civitai.com/api/download/models/100152,train
78915,【Muggle Lora】Nightclub Girls/Crazy Party Girls,https://civitai.com/api/download/models/83719,train
166415,Mommyfy | Real mature anime women/milfs,https://civitai.com/api/download/models/230410,train
56374,"ins style,still life,simple background,简约静物",https://civitai.com/api/download/models/60804,train
33807,M_mini scene 迷你盒盒,https://civitai.com/api/download/models/40100,eval
121043,Sailor Moon (Tsukino Usagi) セーラームーン (月野うさぎ) / Sailor Moon,https://civitai.com/api/download/models/131685,train
43256, Blue Archive Emoji style,https://civitai.com/api/download/models/47901,train
130868,Pastel color,https://civitai.com/api/download/models/143715,train
11473,Atomic Heart robot maid,https://civitai.com/api/download/models/13581,eval
122778,Anis (NIKKE) LoRA | 2 Outfits (Sparkling Summer and Default),https://civitai.com/api/download/models/133769,train
13582,Nakiri Erina | Food Wars,https://civitai.com/api/download/models/16424,eval
7502,[Tsumasaky] Kallen Stadtfeld - Code Geass,https://civitai.com/api/download/models/72886,train
25383,XSarchitectural-7Modern interior,https://civitai.com/api/download/models/30384,train
85093,Sailor Moon (1992 Anime) (Style),https://civitai.com/api/download/models/90439,train
81545,Invisible concept lora,https://civitai.com/api/download/models/86528,train
27530,XSarchitectural-21Futuretechnologycity,https://civitai.com/api/download/models/32964,train
25891,Sister Claire シスター・クレア / Nijisanji,https://civitai.com/api/download/models/450013,train
115312,竖着悬空捆绑_suspension、hanging_吊り,https://civitai.com/api/download/models/188103,train
89630,Marnie マリィ / Pokemon,https://civitai.com/api/download/models/95424,train
61640,【Costume】Better Ghost Costume 更好的幽灵装,https://civitai.com/api/download/models/66136,train
21271,Pecorine / ペコリーヌ,https://civitai.com/api/download/models/25320,train
34030,Better Swimwear,https://civitai.com/api/download/models/141142,eval
46310,Fantasy Character- PAseer,https://civitai.com/api/download/models/61099,train
105764,Texture illustration,https://civitai.com/api/download/models/113534,train
118552,Models - ALKHEM (reupload),https://civitai.com/api/download/models/143289,train
178949,Fern (3 Outfits) | Frieren: Beyond Journey's End,https://civitai.com/api/download/models/391508,train
26580,XSarchitectural-19Houseplan,https://civitai.com/api/download/models/31817,eval
98841,Asuka Langley Soryu (惣流・アスカ・ラングレー) - Neon Genesis Evangelion (新世紀エヴァンゲリオン),https://civitai.com/api/download/models/228643,eval
39164,Fujiwara Chika 藤原千花 / Kaguya-sama wa Kokurasetai,https://civitai.com/api/download/models/604611,train
132778,"空气口交_air oral sex_透明フェラ,フェラ素振り",https://civitai.com/api/download/models/146081,train
58247,Product Design (Elegant minimalism-eddiemauro) LORA,https://civitai.com/api/download/models/62704,train
116855,Furtastic Detailer,https://civitai.com/api/download/models/126548,eval
60538,Don't Starve Together,https://civitai.com/api/download/models/65003,train
85026,Auroral Background,https://civitai.com/api/download/models/156828,train
153497,Microdress,https://civitai.com/api/download/models/171897,eval
67927,soulcard,https://civitai.com/api/download/models/72591,train
47859,Handsome Male 2.5D - LORA,https://civitai.com/api/download/models/64536,train
98270,Chisato Nishikigi (錦木 千束) - Lycoris Recoil (リコリス・リコイル),https://civitai.com/api/download/models/215541,train
59689,Sexy Wrap Hip One Piece Dress,https://civitai.com/api/download/models/64141,train
24660,【Art Style】Maidoll Style,https://civitai.com/api/download/models/32028,train
95211,Butterfly & Flowers Multiply Style,https://civitai.com/api/download/models/101607,train
138290,Ero Figurines,https://civitai.com/api/download/models/278871,train
15924,Juri Han (Street Fighter) LoRA,https://civitai.com/api/download/models/18797,eval
38558,DDicon_lora,https://civitai.com/api/download/models/44494,train
44023,NijiExpressive_v1,https://civitai.com/api/download/models/48659,train
74104,【Costume】See-Through Kimono (With multires noise version) 透明和服,https://civitai.com/api/download/models/78836,eval
75443,PAseer的神话壁纸/PAseer's mythology wallpaper,https://civitai.com/api/download/models/104866,eval
54260,"The Quintessential Quintuplets [sd1] All Nakano sisters: Ichika, Nino, Miku, Yotsuba, Itsuki",https://civitai.com/api/download/models/58629,train
58883,KizukiAi - To Love Ru - Momo Velia Deviluke [SD1 - Original V1.5],https://civitai.com/api/download/models/63329,train
26578,XSarchitectural-17SciencefictioncityonMars,https://civitai.com/api/download/models/31884,train
13360,marie rose,https://civitai.com/api/download/models/15742,train
12139,Yuzuriha_Inori 楪祈,https://civitai.com/api/download/models/14324,train
90523,Mikasa Ackerman ミカサ・アッカーマン / Shingeki no Kyojin,https://civitai.com/api/download/models/96428,eval
38199,Hajime Sorayama - LoRA Style,https://civitai.com/api/download/models/130144,train
98416,Yaoyorozu Momo 八百万百 / Boku no Hero Academia,https://civitai.com/api/download/models/105250,eval
67625,Persona Cut In | Concept LoRA,https://civitai.com/api/download/models/213590,train
70538,Marble (Make everything into marble),https://civitai.com/api/download/models/75208,train
100404,Sento Isuzu 千斗いすず / Amagi Brilliant Park,https://civitai.com/api/download/models/107470,eval
74379,Aqua crying/begging anime meme | Kono Subarashii Sekai ni Bakuen wo! | KonoSuba,https://civitai.com/api/download/models/79097,train
152928,Sagging Breasts - Concept LoRA,https://civitai.com/api/download/models/171198,train
51395,KizukiAi - Haganai - Kashiwazaki Sena [SD1 - Original V1.5],https://civitai.com/api/download/models/55869,train
135763,pov asphyxiation/strangling sex | Concept,https://civitai.com/api/download/models/149711,train
42405,Akame ga Kill! Ultimate Girl Pack,https://civitai.com/api/download/models/52962,train
31479,插画风建筑zarch_illustration,https://civitai.com/api/download/models/51144,train
104099,Reference Sheet / Model Sheet,https://civitai.com/api/download/models/111544,eval
25236,Clothes Spacesuit,https://civitai.com/api/download/models/30205,eval
27598,プリンツ・オイゲン - Prinz Eugen Azur Lane LORA. / プリンツ・オイゲン (アズールレーン),https://civitai.com/api/download/models/33042,train
55815,Marie Rose (DOA)+(Azur Lane) Devilish Servant Against the Splashing Waves 玛丽罗斯 泳装,https://civitai.com/api/download/models/60211,train
95007,Niji Default style / 明亮动漫风格 /Niji默认风格 / ,https://civitai.com/api/download/models/103108,eval
20930,Karyl / キャル,https://civitai.com/api/download/models/24917,eval
93681,EyeControl - Jitome,https://civitai.com/api/download/models/103932,train
130295,Half-closed eyes - Concept LoRA,https://civitai.com/api/download/models/142906,train
29306,Yor Forger - Spy x Family,https://civitai.com/api/download/models/73571,train
58164,Sailor Moon Outfit LoRA,https://civitai.com/api/download/models/154924,eval
99956,Rei Ayanami (綾波 レイ) - Neon Genesis Evangelion (新世紀エヴァンゲリオン),https://civitai.com/api/download/models/228602,train
48386,DOA - Honoka,https://civitai.com/api/download/models/213233,eval
11072,【Concept】Mask Pull 拉下口罩,https://civitai.com/api/download/models/13115,train
15629,Stamp_v1,https://civitai.com/api/download/models/18435,train
17350,Anastasia アナスタシア / THE iDOLM@STER Cinderella Girls,https://civitai.com/api/download/models/89206,eval
19719,Frankie Foster (Foster's Home for Imaginary Friends) Character Lora,https://civitai.com/api/download/models/321208,train
211819,Retro Anime,https://civitai.com/api/download/models/238615,train
45597,Tatsumaki | One-Punch Man,https://civitai.com/api/download/models/50223,eval
56569,Sailor Saturn | Sailor Moon,https://civitai.com/api/download/models/60992,train
82606,Clothing brand | Cloth & style,https://civitai.com/api/download/models/91900,eval
47285,k Hand Mix 101,https://civitai.com/api/download/models/51868,train
33725,Chun-li (Street Fighter) LoRA,https://civitai.com/api/download/models/40020,eval
190315,Frieren (4 Outfits) | Frieren: Beyond Journey's End,https://civitai.com/api/download/models/394792,eval
36868,Eula Genshin Impact | Character Lora 1644,https://civitai.com/api/download/models/42899,train
96883,AnimeLegs_LoRa,https://civitai.com/api/download/models/103505,eval
73643,Viper (Valorant) LoRA,https://civitai.com/api/download/models/130654,train
53552,Astolfo (Fate Series),https://civitai.com/api/download/models/57908,eval
99631,[LoRa] Yuzuriha inori COS - Guilty Crown Clothing (With multires noise version),https://civitai.com/api/download/models/106618,train
67773,Nakano Miku 中野三玖 / Go-Toubun no Hanayome,https://civitai.com/api/download/models/72453,eval
99975,Yor Briar (ヨル・ブライア) / Yor Forger (ヨル・フォージャー) - Spy x Family (スパイファミリー) - COMMISSION W/ DATASET,https://civitai.com/api/download/models/230215,train
208872,LoRA / Concept | Towel,https://civitai.com/api/download/models/235255,train
131294,Heart Hands / Pose,https://civitai.com/api/download/models/144301,train
25577,Scathach | Multiple Outfits,https://civitai.com/api/download/models/33856,train
50400,Old Newspaper Style,https://civitai.com/api/download/models/54932,eval
84136,Guilty (NIKKE) LoRA,https://civitai.com/api/download/models/109097,train
33764,MahjongSoul/雀魂/じゃんたま Characters ( 23/11/24 Update : Kirara ),https://civitai.com/api/download/models/236871,train
115839,Tokisaki Kurumi 時崎狂三 / Date a Live,https://civitai.com/api/download/models/125371,train
27247,Usada Pekora Hololive | 9 Outfits | Character Lora 1892,https://civitai.com/api/download/models/32617,train
87259,Kochou Shinobu 胡蝶しのぶ / Kimetsu no Yaiba,https://civitai.com/api/download/models/92856,eval
107165,Oil painting stick,https://civitai.com/api/download/models/115221,eval
16120,Shalltear Bloodfallen LORA,https://civitai.com/api/download/models/309467,train
60952,"Ahri (Normal, PopStar, Star Guardian, Sprit Blossom) / League of Legends",https://civitai.com/api/download/models/65431,train
55684,Aponia ( Honkai Impact ),https://civitai.com/api/download/models/60076,train
167970,Upside-down,https://civitai.com/api/download/models/188898,train
64078,Tenjouin Asuka 天上院明日香 / Yu-Gi-Oh!,https://civitai.com/api/download/models/68676,train
114180,Florence Nightingale フローレンス・ナイチンゲール / Fate/Grand Order,https://civitai.com/api/download/models/123400,train
71554,Lunamaria Hawke ルナマリア・ホーク / Gundam SEED Destiny,https://civitai.com/api/download/models/76260,train
195171,Twisted torso,https://civitai.com/api/download/models/219384,train
19268,东方男性,https://civitai.com/api/download/models/22864,train
82525,Katou Megumi 加藤恵 / SAEKANO,https://civitai.com/api/download/models/547776,train
36841,Shenhe Genshin Impact | Character Lora 1200,https://civitai.com/api/download/models/42869,train
60890,Artist: 玉之けだま/毛玉牛乳/Kedamaa,https://civitai.com/api/download/models/127697,train
233108,Big sis and little bro concept,https://civitai.com/api/download/models/267964,eval
19432,Tokino Sora ときのそら / Hololive,https://civitai.com/api/download/models/76233,eval
27978,Kyoka / キョウカ,https://civitai.com/api/download/models/33530,eval
103242,Nurse Clothes - Clothes Pack,https://civitai.com/api/download/models/110546,train
193315,Crazy Girlfriend Mix,https://civitai.com/api/download/models/263005,train
68140,Yuffie Kisaragi (Final Fantasy VII) LoRA,https://civitai.com/api/download/models/72822,train
27858,Huge Two-Handed Burger LoRA,https://civitai.com/api/download/models/34071,train
55673,Sento Isuzu | Amagi Brilliant Park,https://civitai.com/api/download/models/282582,train
50884,DOA - Kasumi,https://civitai.com/api/download/models/212497,train
81269,Abigail Williams アビゲイル・ウィリアムズ / Fate/Grand Order,https://civitai.com/api/download/models/86225,train
105386,站立一字马_I balance_I字バランス,https://civitai.com/api/download/models/113046,train
45586,NTRMAN Style Lora,https://civitai.com/api/download/models/263419,train
58902,Product Design (minimalism-eddiemauro) LORA,https://civitai.com/api/download/models/63347,train
18088,Hand-painted portrait,https://civitai.com/api/download/models/21391,train
169932,Sexy Feet (Sitting) | 玉足,https://civitai.com/api/download/models/190978,train
56441,"Rent a Girlfriend: Kanojo, Okarishimasu [sd1] 4 girl pack: Chizuru, Mami, Ruka, Sumi",https://civitai.com/api/download/models/60861,eval
57255,Face of the people who sank all their money into the FX,https://civitai.com/api/download/models/61666,train
17749,Misato Katsuragi - Neon Genesis Evangelion,https://civitai.com/api/download/models/158603,train
71513,Hoshikawa Sara 星川サラ / Nijisanji,https://civitai.com/api/download/models/76216,train
96018,Monsters Attack - Surrounded by monsters : Behind you ! ( fanny packing ),https://civitai.com/api/download/models/102553,train
23682,Concept_Scenery_scene_V2,https://civitai.com/api/download/models/45214,eval
18874,友利奈绪 Tomori Nao,https://civitai.com/api/download/models/22400,train
12871,Latex (胶衣),https://civitai.com/api/download/models/15246,train
27700,Avatar Frame generator,https://civitai.com/api/download/models/33280,eval
108470,国风萌玩 | Chinese style cute doll,https://civitai.com/api/download/models/166035,train
69207,colored eyelashes/非黑色的睫毛/带颜色的睫毛,https://civitai.com/api/download/models/73889,train
102619,Atmosphere photography 氛围感摄影,https://civitai.com/api/download/models/109804,train
25881,XSarchitectural-13Nightmagictown,https://civitai.com/api/download/models/30988,train
16432,Chichi(Older)  - Dragon Ball Z,https://civitai.com/api/download/models/116354,eval
18812,Playful Whimsy - Lineless Illustrations,https://civitai.com/api/download/models/22331,train
36097,Uruha Rushia [sd1] 9 outfits (Hololive),https://civitai.com/api/download/models/42267,train
105213,Kinomoto Sakura 木之本桜 / Cardcaptor Sakura,https://civitai.com/api/download/models/112839,train
8928,Lovelive - Tang Keke 唐可可,https://civitai.com/api/download/models/10554,train
75673,Anchorage (Azur Lane) Swimsuit (with Multires Noise Version) 安克雷奇 泳装,https://civitai.com/api/download/models/80423,train
89197,niji武士,https://civitai.com/api/download/models/94922,eval
69996,鏡流 - Jingliu LoRa / Honkai: Star Rail - 崩壊スターレイル,https://civitai.com/api/download/models/171053,eval
60868,Artist: rurudo,https://civitai.com/api/download/models/96876,train
52920,Izumi Sagiri | Eromanga-sensei,https://civitai.com/api/download/models/103935,train
28408,Shirakami Fubuki Hololive | 8 Outfits | Character Lora 2469,https://civitai.com/api/download/models/34081,train
149355,弯腰向后看_Bend down and look back_股のぞき,https://civitai.com/api/download/models/166790,train
92580,Mamako Oosuki (Tsuujou Kougeki ga Zentai Kougeki de Ni-kai Kougeki no Okaasan wa Suki desu ka?),https://civitai.com/api/download/models/98694,train
57734,Kagura 神楽 / Gintama,https://civitai.com/api/download/models/62164,eval
126477,Ghost Concept,https://civitai.com/api/download/models/138303,eval
97491,Takina Inoue (井ノ上 たきな) - Lycoris Recoil (リコリス・リコイル),https://civitai.com/api/download/models/215509,train
68063,DOA - Nyotengu,https://civitai.com/api/download/models/213232,train
25483,Attacking Concept,https://civitai.com/api/download/models/30506,eval
59500,Senjougahara Hitagi 戦場ヶ原ひたぎ / Monogatari Series,https://civitai.com/api/download/models/63949,train
208016,Broken Glass | Concept LoRA,https://civitai.com/api/download/models/234237,train
6080,Hakos Baelz Hololive | Character Lora 1930,https://civitai.com/api/download/models/54616,eval
100503,Tohsaka Rin | Fate/stay night: Unlimited Blade Works,https://civitai.com/api/download/models/107575,train
99404,Rin Tohsaka (遠坂 凛) - Fate/stay Night - COMMISSION W/ DATASET,https://civitai.com/api/download/models/368692,train
58136,Fran (Final Fantasy XII) LoRA,https://civitai.com/api/download/models/62587,train
19253,Byleth (Fire Emblem: Three Houses) LoRA,https://civitai.com/api/download/models/53482,train
54857,Latifa Fleuranza | Amagi Brilliant Park,https://civitai.com/api/download/models/281050,train
70306,Artist: ピロ水/piromizu,https://civitai.com/api/download/models/74960,eval
161927,LoRA / Concept | Chubby (Fat Rolls),https://civitai.com/api/download/models/182295,train
25532,XSarchitectural-1Minimalistarchitecture,https://civitai.com/api/download/models/30567,train
213083,NIKKE: Goddess of Victory Profile | Concept LoRA,https://civitai.com/api/download/models/240030,train
91752,KizukiAi - Sailor Moon - Sailor Uranus [SD1 - Original V1.5],https://civitai.com/api/download/models/97813,train
91933,curtains+bodystocking,https://civitai.com/api/download/models/98022,eval
66357,カフカ - Kafka / Honkai: Star Rail - 崩壊スターレイル,https://civitai.com/api/download/models/71022,train
34842,久岐忍 - Kuki Shinobu LORA. / Genshin Impact - 原神.,https://civitai.com/api/download/models/41101,train
197748,Czech Casting [1.5|XL],https://civitai.com/api/download/models/263170,train
26778,Ranma-chan (Fanart) - Ranma 1/2,https://civitai.com/api/download/models/85063,train
138566,Lillie リーリエ / Pokemon,https://civitai.com/api/download/models/153128,eval
79246,Snake Eyes,https://civitai.com/api/download/models/84043,train
82519,Suzuhara Lulu 鈴原るる / Nijisanji,https://civitai.com/api/download/models/87639,train
227283,Fern フェルン / Sousou no Frieren,https://civitai.com/api/download/models/256400,train
153185,Dirty,https://civitai.com/api/download/models/171527,train
68977,[justTNP] Yoruichi Shihouin | Bleach,https://civitai.com/api/download/models/73667,train
26808,Vex League of Legends | Character Lora 161,https://civitai.com/api/download/models/32085,train
94192,Barbie style - 👑 inbox Doll Play Set LORA 👑,https://civitai.com/api/download/models/114128,train
7659,Perseus (Azur Lane) Nurse 英仙座 护士服,https://civitai.com/api/download/models/8993,train
122529,Saitou Miyako 斎藤ミヤコ / OSHI NO KO,https://civitai.com/api/download/models/133458,train
332577,Sailor Moon Anime Style - Lora,https://civitai.com/api/download/models/372573,train
25827,Warlock and Boobs Style Lora,https://civitai.com/api/download/models/262502,train
47325,Mash Kyrielight | Fate/Grand Order,https://civitai.com/api/download/models/130590,train
139250,line illustrationa,https://civitai.com/api/download/models/154115,train
22089,Murky's Special Style LoRA,https://civitai.com/api/download/models/26372,train
21763,Concept_Scenery_scene_V1,https://civitai.com/api/download/models/44399,train
98258,Asuna Yuuki (結城 明日奈) - Sword Art Online (ソードアート・オンライン),https://civitai.com/api/download/models/381822,train
25373,XSarchitectural-6Modern small building,https://civitai.com/api/download/models/30373,train
59792,Artist: きょくちょ/局长/Kyockcho,https://civitai.com/api/download/models/140445,train
65462,JP style News Anchor on TV (horizontal/portrait),https://civitai.com/api/download/models/70107,train
51582,Ojou-Sama Pose (Concept LoRA),https://civitai.com/api/download/models/56052,eval
62294,Stylized Ruins,https://civitai.com/api/download/models/66845,train
27701,hand to own mouth,https://civitai.com/api/download/models/33171,train
13559,Kamisato Ayaka Genshin Impact Cosplay,https://civitai.com/api/download/models/15974,train
197609,Aura the Guillotine (断頭台のアウラ) - Frieren: Beyond Journey's End (葬送のフリーレン),https://civitai.com/api/download/models/281933,train
227271,Frieren フリーレン / Sousou no Frieren,https://civitai.com/api/download/models/256391,train
95916,Mitsuri Kanroji Anime style LoRA,https://civitai.com/api/download/models/102432,train
46114,Mimic / monster creator / Tentacle monster,https://civitai.com/api/download/models/50745,train
109928,Artoria Pendragon (Lancer Alter) (Fate/Grand Order) LoRA,https://civitai.com/api/download/models/118480,train
105134,Pout Maiden / Sword Maiden (剣の乙女) - Goblin Slayer! (ゴブリンスレイヤー),https://civitai.com/api/download/models/257548,train
24260,Special Skeleton Style 骨感美少女风格,https://civitai.com/api/download/models/29004,train
75992,KizukiAi - Sailor Moon - Sailor Neptune [SD1 - Original V1.5],https://civitai.com/api/download/models/80735,train
57740,Inugami Korone 戌神ころね / Hololive,https://civitai.com/api/download/models/62180,eval
23401,Young Bulma Brief - Dragon Ball | Character,https://civitai.com/api/download/models/27942,train
52832,Yamada Elf (Emily) | Eromanga-sensei,https://civitai.com/api/download/models/103960,train
27532,XSarchitectural-22Mangastyle,https://civitai.com/api/download/models/32966,train
87479,KizukiAi - To Love Ru - Yuuki Mikan LoRA [SD1 - Original V1.5],https://civitai.com/api/download/models/93092,train
184260,epiC35mm Lora,https://civitai.com/api/download/models/206796,train
67746,Balsamique Style Lora,https://civitai.com/api/download/models/247311,train
176055,Little red riding hood,https://civitai.com/api/download/models/197671,train
72786,"TW sexy hiker in Yoga Pants, Sport Bra and",https://civitai.com/api/download/models/77502,train
109656,Yukihana Lamy 雪花ラミィ / Hololive,https://civitai.com/api/download/models/118167,train
110539,Summer Dress Code - by EDG,https://civitai.com/api/download/models/119178,eval
60625,Celes Chere (Final Fantasy VI) LoRA,https://civitai.com/api/download/models/65482,train
10211,【Concept】For Adoption 求收养,https://civitai.com/api/download/models/12132,train
26568,Norse Viking | Warrior and Berserker,https://civitai.com/api/download/models/31804,eval
25580,XSarchitectural-12NightMoonsci-fi,https://civitai.com/api/download/models/30627,train
30179,Marin Kitagawa | My Dress-Up Darling,https://civitai.com/api/download/models/208654,train
112519,Mazaki Anzu 真崎杏子 / Yu-Gi-Oh!,https://civitai.com/api/download/models/121478,train
195722,XL Girls - Porn Website,https://civitai.com/api/download/models/359680,eval
128101,FurryCore,https://civitai.com/api/download/models/153453,train
17652,Raven (DC Comics) Character Lora,https://civitai.com/api/download/models/324245,eval
189011,Capcom CPS2 Sprite Style,https://civitai.com/api/download/models/228136,train
42413,KizukiAi - Kakegurui - Saotome Mary LoRA [SD1 - Original V1.5],https://civitai.com/api/download/models/47126,train
84036,Nami (ナミ) One Piece Character LoRA (Post-timeskip),https://civitai.com/api/download/models/112166,train
18498,Dexter's Mom (Dexter's Laboratory) Character Lora,https://civitai.com/api/download/models/283794,train
139685,Bianca Whitaker (Dragon Quest V: Hand of the Heavenly Bride) LoRA,https://civitai.com/api/download/models/154731,train
224541,Oversized shirt / clothes,https://civitai.com/api/download/models/253278,train
134165,Architectural Concepts 场景单体,https://civitai.com/api/download/models/147752,train
36857,Kamisato Ayaka Genshin Impact | Character Lora 1506,https://civitai.com/api/download/models/42886,eval
72595,[justTNP] Power | Chainsaw Man,https://civitai.com/api/download/models/77331,train
135921,Pokemon 90's Anime Style,https://civitai.com/api/download/models/150525,train
158054,JAV - Big hip and Thick leg Lora,https://civitai.com/api/download/models/177595,eval
105181,Microsoft Design,https://civitai.com/api/download/models/112805,train
29758,Mafuyu LoRA of Face,https://civitai.com/api/download/models/36624,eval
26667,XSarchitectural-20Manualbuildingmodel,https://civitai.com/api/download/models/31920,train
226372,LoRA / Concept | Oversized,https://civitai.com/api/download/models/255359,train
59816,Product Design (Tech minimalism-eddiemauro) LORA,https://civitai.com/api/download/models/64272,train
49164,Fumina Hoshino | Gundam Build Fighters Try,https://civitai.com/api/download/models/53759,eval
159995,Wide Hips,https://civitai.com/api/download/models/800507,train
105986,Eris Boreas Greyrat | Mushoku Tensei: Isekai Ittara Honki Dasu,https://civitai.com/api/download/models/113817,train
99405,Golden Darkness (金色の闇) / Yami (闇) - To Love Ru (とらぶる),https://civitai.com/api/download/models/222432,eval
101188,High Elf Archer (妖精弓手) - Goblin Slayer! (ゴブリンスレイヤー),https://civitai.com/api/download/models/214648,eval
79445,skullgirls-like style lora,https://civitai.com/api/download/models/84251,eval
154418,Sagisawa Fumika 鷺沢文香 / THE iDOLM@STER Cinderella Girls,https://civitai.com/api/download/models/173037,eval
17132,Chinese girls in wedding dress or hakama or hanfu in marvellous scene 素晴らしいシーンのウェディングドレスを着た女の子 身着婚纱或汉服的女孩在优美的场景里,https://civitai.com/api/download/models/20226,train
18805,Tendou Alice / 天童アリス,https://civitai.com/api/download/models/22322,eval
55153,Lo-Fi Aesthetic,https://civitai.com/api/download/models/65581,train
32117,Megumin | Konosuba,https://civitai.com/api/download/models/38568,train
16395,Yuigahama Yui (Oregairu),https://civitai.com/api/download/models/101777,eval
69551,Ijichi Nijika 伊地知虹夏 / Bocchi the Rock!,https://civitai.com/api/download/models/74207,eval
28177,Komi Shouko - Manbagi Rumiko - Onemine Nene | Komi Can't Communicate,https://civitai.com/api/download/models/33772,train
116558,Shiori Novella | Hololive,https://civitai.com/api/download/models/219292,train
74734,Hand on Own Arm | Pose,https://civitai.com/api/download/models/79475,train
70618,Index Fingers Together | Pose,https://civitai.com/api/download/models/75295,eval
65353,CM-Beautiful_armor,https://civitai.com/api/download/models/69992,train
105929,Nitta Minami 新田美波 / THE iDOLM@STER Cinderella Girls,https://civitai.com/api/download/models/113750,eval
105373,"Nun - Clothes Pack (Lingerie, dress, latex, and more...)",https://civitai.com/api/download/models/113030,eval
86137,pin-up（Gil Elvgren）,https://civitai.com/api/download/models/91564,train
198893,Hyper refiner (Refine outline/painting/eye) / 輪郭線・塗り・眼の質感向上,https://civitai.com/api/download/models/223773,train
18035,Something Unlimited Style Lora,https://civitai.com/api/download/models/266870,train
102788,881-Imitation style -artists:鬼针草（萝莉风格）,https://civitai.com/api/download/models/110004,train
61722,Tsukatsuki Rio | 調月リオ (Blue Archive),https://civitai.com/api/download/models/66222,train
208355,Zelda ゼルダ / The Legend of Zelda,https://civitai.com/api/download/models/234649,eval
21102, Game Item UI,https://civitai.com/api/download/models/25116,train
95566,Niji Cute style / 可爱插画风格 / Niji Cute 模式,https://civitai.com/api/download/models/102027,train
59051,MessyRoom,https://civitai.com/api/download/models/63509,train
9146,Shaft Head Tilt | シャフ度 | 新房45度 (Pose LORA),https://civitai.com/api/download/models/10820,train
19706,Iochi Mari / 伊落マリー,https://civitai.com/api/download/models/23398,train
51900,Shinji in a Chair | Meme,https://civitai.com/api/download/models/56369,eval
18099,Izayoi Nonomi / 十六夜ノノミ,https://civitai.com/api/download/models/21404,eval
129934,Niji 3D rendering style,https://civitai.com/api/download/models/142486,train
142805,Hoshino Ruri 星野ルリ / Martian Successor Nadesico,https://civitai.com/api/download/models/158390,eval
81109,graphic logo,https://civitai.com/api/download/models/86033,train
18657,rise kujikawa | Persona 4,https://civitai.com/api/download/models/22141,train
133899,Tachibana Arisu 橘ありす / THE iDOLM@STER Cinderella Girls,https://civitai.com/api/download/models/147425,train
45238,Ancient-customs Style,https://civitai.com/api/download/models/54907,train
78523,ブルマ(Buruma),https://civitai.com/api/download/models/83312,eval
54122,Selphie Tilmitt (Final Fantasy VIII) LoRA,https://civitai.com/api/download/models/58489,train
75974,平头 flat avatar,https://civitai.com/api/download/models/80716,train
150191,Nakiri Erina 薙切えりな / Shokugeki no Soma,https://civitai.com/api/download/models/167851,train
57736,Onodera Kosaki 小野寺小咲 / Nisekoi,https://civitai.com/api/download/models/538308,train
26135,Not Horny Pirate,https://civitai.com/api/download/models/31297,train
43956,Clementine | Overlord,https://civitai.com/api/download/models/48596,train
94596,Takamiya Rion 鷹宮リオン / Nijisanji,https://civitai.com/api/download/models/100901,eval
109533,Momo Belia Deviluke (モモ・ベリア・デビルーク) - To Love Ru (とらぶる),https://civitai.com/api/download/models/222417,train
105212,Murasaki Shion 紫咲シオン / Hololive,https://civitai.com/api/download/models/112837,train
132494,Double Exposure Concept,https://civitai.com/api/download/models/145734,train
21378,Perseus (Azur Lane) Original Outfit 英仙座,https://civitai.com/api/download/models/25487,train
92718,Mai Kawakami (Musaigen no Phantom World),https://civitai.com/api/download/models/98840,train
115914,KizukiAi - Sword Art Online- Yuuki Asuna [SD1 - Original V1.5],https://civitai.com/api/download/models/125462,train
161557,🔥April O'Neil TMNT,https://civitai.com/api/download/models/230969,train
132443,Viper (NIKKE) LoRA | 2 Outfits (Toxic Rabbit and Default),https://civitai.com/api/download/models/145676,train
72585,[1.5/XL 1.0] Makima | Chainsaw Man,https://civitai.com/api/download/models/77323,train
55639,Harley Quinn | Suicide Squad,https://civitai.com/api/download/models/122093,train
97862,Game Icon Research Institute Lora-Scene cutting,https://civitai.com/api/download/models/104631,train
135503,身体链_Body chain_ボディチェーン,https://civitai.com/api/download/models/149360,train
57473,Djeeta | Granblue Fantasy,https://civitai.com/api/download/models/65190,train
14019,La+ Darknesss (ラプラス・ダークネス),https://civitai.com/api/download/models/16493,eval
40724,North Korea Propaganda Style,https://civitai.com/api/download/models/45895,train
48179,Comic Cover,https://civitai.com/api/download/models/52801,eval
127548,Aqua | KonoSuba: God's Blessing on This Wonderful World!,https://civitai.com/api/download/models/139566,train
196974,Rangiku Matsumoto/松本 乱菊 (Bleach) LoRA,https://civitai.com/api/download/models/221480,train
133279,Melanin Girlfriend Mix,https://civitai.com/api/download/models/263127,train
12984,Latex(Serious),https://civitai.com/api/download/models/15481,train
23049,Aunt Cass (Big Hero),https://civitai.com/api/download/models/27528,train
289021,Fresh And Light Style Illustration 小清新治愈画风的插画LoRA,https://civitai.com/api/download/models/491256,train
208199,Grunge Freestyle - by EDG,https://civitai.com/api/download/models/234462,train
120811,Soo-Ah | Secret Class | Manhwa,https://civitai.com/api/download/models/326906,train
51010,Oobari Masami Style,https://civitai.com/api/download/models/55525,train
60571,Tachibana Arisu (idolmaster) w/ outfits,https://civitai.com/api/download/models/142112,eval
89183,JP GIrl in sexy apron,https://civitai.com/api/download/models/94908,train
82304,Zero Suit (Metroid) Outfit LoRA,https://civitai.com/api/download/models/87396,train
25990,XSarchitectural-14Openingenvironment,https://civitai.com/api/download/models/31118,train
44945,Cover eyes,https://civitai.com/api/download/models/234764,train
56576,Lightning | Final Fantasy XIII,https://civitai.com/api/download/models/60999,train
85750,Houki Shinonono - Infinite Stratos,https://civitai.com/api/download/models/126489,train
110447,Haramura Nodoka 原村和 / Saki,https://civitai.com/api/download/models/119069,train
149472,Wendy Marvell ウェンディ・マーベル / Fairy Tail,https://civitai.com/api/download/models/166943,train
107161,mecha,https://civitai.com/api/download/models/115215,train
58257,Product Design (Realistic minimalism-eddiemauro) LORA,https://civitai.com/api/download/models/62713,train
183622,Kugisaki Nobara 釘崎野薔薇 / Jujutsu Kaisen,https://civitai.com/api/download/models/206091,eval
106818,holo skin 幻蓝冰皮,https://civitai.com/api/download/models/114741,train
103811,Animation landscape/动漫风景,https://civitai.com/api/download/models/111218,train
104487,"Privaty (NIKKE) LoRA | 4 Outfits (Cat Maid, Dress, Casual, and Default)",https://civitai.com/api/download/models/340866,eval
17487,Kurihara Mari (Prison School),https://civitai.com/api/download/models/125886,train
17552,Chinese Qingchun清纯 Girl,https://civitai.com/api/download/models/20745,train
59701,"Rory Mercury | Gate: Jieitai Kanochi nite, Kaku Tatakaeri",https://civitai.com/api/download/models/64150,train
25394,能代 - Noshiro Azur Lane LORA. / 能代 (アズールレーン),https://civitai.com/api/download/models/30398,train
55026,Alp | Style,https://civitai.com/api/download/models/114170,train
75144,Omaru Polka 尾丸ポルカ / Hololive,https://civitai.com/api/download/models/79897,train
56820,incoming kiss,https://civitai.com/api/download/models/61238,train
40640,Fumo-like Anime Style LoRA,https://civitai.com/api/download/models/45856,train
55754,DOA - Tina,https://civitai.com/api/download/models/211611,train
95147,[Expression]Evil Smile,https://civitai.com/api/download/models/101529,train
15981,Pavolia Reine (3 Outfits) | Hololive,https://civitai.com/api/download/models/174635,train
65351,Selvaria Bles (Valkyria Chronicles) LoRA,https://civitai.com/api/download/models/69990,train
77442,Camilla (Fire Emblem Fates + 4 Heroes Outfits) LoRA,https://civitai.com/api/download/models/82224,train
52458,Bronya (Honkai Star Rail)/星穹铁道/三涡轮增鸭（布洛妮娅）,https://civitai.com/api/download/models/57600,train
72662,Lyn (Fire Emblem: The Blazing Blade + 5 Heroes Outfits) LoRA,https://civitai.com/api/download/models/77389,train
34193,Cutesy style for softer faces,https://civitai.com/api/download/models/61698,train
84176,Katarina + Battle Academia Katarina (League of Legends) LoRA,https://civitai.com/api/download/models/89470,train
182100,Muscle Mommy | Goofy Ai,https://civitai.com/api/download/models/204358,train
116962,Fujiwara Chika | Kaguya-sama wa Kokurasetai,https://civitai.com/api/download/models/126684,train
49646,[LoRa] Riding Monster/怪獣騎士 Concept,https://civitai.com/api/download/models/54202,train
205311,LoRA / Concept | Straitjacket (Latex Straitjacket),https://civitai.com/api/download/models/231164,eval
155782,Fern (フェルン) - Frieren: Beyond Journey's End (葬送のフリーレン),https://civitai.com/api/download/models/289351,train
143092,Akira Poster | Concept,https://civitai.com/api/download/models/158760,train
144416,Light Control - Exposure,https://civitai.com/api/download/models/167456,train
70339,Eisthol's Daughter（A lora trained from just one image as the original data set.）,https://civitai.com/api/download/models/85593,train
19655,Starcraft 2 | Nova,https://civitai.com/api/download/models/31603,train
80231,Usagi Tsukino (fanart) - Sailor Moon,https://civitai.com/api/download/models/136924,train
19073,MIB Suit and Neuralyzer,https://civitai.com/api/download/models/25947,eval
87208,Haruhiko Mikimoto/美树本晴彦/みきもと はるひこ  《MACROSS》/《超时空要塞》  - Artist Style,https://civitai.com/api/download/models/245793,train
86622,Josan Gonzalez aka Deathburger - LoRA Style,https://civitai.com/api/download/models/92128,train
8089,HMS Plymouth (Azur Lane),https://civitai.com/api/download/models/259253,train
100607,Large mechanical arms,https://civitai.com/api/download/models/107680,train
56749,military uniform,https://civitai.com/api/download/models/61174,train
41465,Lulu FFX | Character LoRA,https://civitai.com/api/download/models/276015,train
22682,Cake and food,https://civitai.com/api/download/models/27087,train
99396,Ishtar (イシュタル) - Fate Grand Order,https://civitai.com/api/download/models/236093,train
79462,Kindred | Lamb | League of Legends - LoRA,https://civitai.com/api/download/models/84275,train
95649,Inoue Orihime (井上 織姫) - Bleach (ブリーチ) - COMMISSION,https://civitai.com/api/download/models/166583,train
139608,From Outside Window (concept) | 窗户外视角,https://civitai.com/api/download/models/154637,train
28175,Pole_Dancing,https://civitai.com/api/download/models/33769,eval
50859,DOA - Ayane,https://civitai.com/api/download/models/212495,train
113945,Fantasy warriors - by HailoKnight,https://civitai.com/api/download/models/257834,train
81763,Glowing Runes,https://civitai.com/api/download/models/86794,train
55405,guofengmeizia,https://civitai.com/api/download/models/70491,eval
50934,Weiss Schnee | RWBY,https://civitai.com/api/download/models/107543,train
98871,Fubuki (フブキ) - One Punch Man (ワンパンマン),https://civitai.com/api/download/models/281948,eval
17582,Symboli Rudolf シンボリルドルフ / Umamusume,https://civitai.com/api/download/models/90567,train
51621,Indian Doll Likeness (alpha),https://civitai.com/api/download/models/56097,train
151608,Naga (NIKKE),https://civitai.com/api/download/models/202856,train
113838,Girls put her breast on the table (breast rest),https://civitai.com/api/download/models/123015,train
151146,Tia (NIKKE) LoRA,https://civitai.com/api/download/models/202885,train
80196,Dragon Ball Super Saiyan 1 & 3 | Hairstyle Concept LoRA,https://civitai.com/api/download/models/85017,eval
65855,Chartreux/British Shorthair - 藍貓,https://civitai.com/api/download/models/288462,train
94603,Mizuki Kotori 観月小鳥 / Yu-Gi-Oh!,https://civitai.com/api/download/models/100909,train
71682,Table Rpg / D&D Maps #10 - Cities,https://civitai.com/api/download/models/76407,train
26129,GorgeousWedding Dress V1,https://civitai.com/api/download/models/31289,train
51077,DOAXVV - Sayuri,https://civitai.com/api/download/models/211366,train
234747,Ada Wong (Resident Evil) LoRA | 4 Outfits,https://civitai.com/api/download/models/264704,eval
77103,Shirayuki Tomoe 白雪巴 / Nijisanji,https://civitai.com/api/download/models/81884,eval
143474,Goth Girl | Goofy Ai,https://civitai.com/api/download/models/159223,train
22488,Shimakaze (Azur Lane) the White Rabbit of Wonderland 岛风 不可思议国度的白兔,https://civitai.com/api/download/models/27037,train
62111,Kyoto Animation Style | Kobayashi-san Chi no Maid Dragon - Miss Kobayashi's Dragon Maid,https://civitai.com/api/download/models/185701,train
45536,Remilia Scarlet | Touhou,https://civitai.com/api/download/models/50155,eval
26127,Revy - Balalaika - Roberta | Black Lagoon,https://civitai.com/api/download/models/32711,eval
19803,诛仙 陆雪琪 Chinese cartoon characters,https://civitai.com/api/download/models/168092,train
152673,egirl makeup,https://civitai.com/api/download/models/170874,eval
22197,Shamir Nevrand (Fire Emblem: Three Houses) LoRA,https://civitai.com/api/download/models/96965,train
168477,Chloe von Einzbern(Fate/kaleid Illya) 3+1 Outfits Character LoRA [Commission],https://civitai.com/api/download/models/189456,train
62714,Kizuki - To Love Ru - Kirisaki Kyōko [SD1 - Original V1.5],https://civitai.com/api/download/models/67278,train
54817,Aqua | KonoSuba,https://civitai.com/api/download/models/59195,train
156697,Religious Tattoo | 经文刺青,https://civitai.com/api/download/models/175914,train
36682,Thai Nurse ,https://civitai.com/api/download/models/42716,train
89998,Happy fun 31,https://civitai.com/api/download/models/100818,train
146587,Chisato Nishikigi 錦木千束 | Lycoris Recoil | 6 Outfits,https://civitai.com/api/download/models/163283,train
86384,Annie Leonhardt | Attack On Titan | Shingeki No Kyoujin,https://civitai.com/api/download/models/91856,train
143321,Sexy Office Lady,https://civitai.com/api/download/models/159034,eval
244097,Aqua アクア / KONOSUBA,https://civitai.com/api/download/models/275411,train
25183,Shampoo - Ranma 1/2,https://civitai.com/api/download/models/108928,train
141273,Alice (NIKKE) LoRA | 2 Outfits (Sweet Home and Default),https://civitai.com/api/download/models/156609,train
106396,Hitori Gotou (後藤 ひとり) - Bocchi the Rock (ぼっち・ざ・ろっく！),https://civitai.com/api/download/models/355680,train
107876,Kurumi Tokisaki (時崎 狂三) - Date A Live (デート・ア・ライブ) - REUPLOAD,https://civitai.com/api/download/models/251203,eval
142983,Toujou Aya 東城綾 / Ichigo 100%,https://civitai.com/api/download/models/158605,train
26019,Pov_Hand-Early Access,https://civitai.com/api/download/models/31150,train
102153,Blue Theme,https://civitai.com/api/download/models/109350,eval
64892,MapleStory 2 Style,https://civitai.com/api/download/models/69530,eval
81286,JK制服,https://civitai.com/api/download/models/86249,train
22962,Male Noble Class Hanbok - Korea Clothes,https://civitai.com/api/download/models/27418,train
48007,Yoru | Chainsaw Man,https://civitai.com/api/download/models/52606,train
99954,Misaki Shokuhou (食蜂 操祈) - A Certain Scientific Railgun (とある科学の超電磁砲),https://civitai.com/api/download/models/222310,train
138962,Inui Sajuna | Sono Bisque Doll wa Koi wo Suru,https://civitai.com/api/download/models/153660,train
69073,薙切アリス - Nakiri Alice / Food Wars! LoRa - 食戟のソーマ,https://civitai.com/api/download/models/73756,train
132043,Aqua - Konosuba Anime Character,https://civitai.com/api/download/models/145197,eval
62217,Night,https://civitai.com/api/download/models/66758,train
56448,Halloween | Clothing Style LoRA,https://civitai.com/api/download/models/197516,train
55669,Rika Jougasaki Idolmaster - LoRA,https://civitai.com/api/download/models/60063,train
75176,Saitou / Bea (Pokemon),https://civitai.com/api/download/models/79926,train
261123,Fishnet pantyhose | Goofy Ai,https://civitai.com/api/download/models/294537,train
116659,Kama 15Outfits (Fate Grand Order) 迦摩 15套外观 FGO- Riuki LoRA,https://civitai.com/api/download/models/126347,train
169425,Dirty mud,https://civitai.com/api/download/models/190400,train
112559,Waterpark | Background,https://civitai.com/api/download/models/121526,eval
83373,Nico Robin (ニコ・ロビン) One Piece Character LoRA (Post-timeskip),https://civitai.com/api/download/models/106888,eval
101300,Suguha Kirigaya (桐ヶ谷 直葉) - Sword Art Online (ソードアート・オンライン),https://civitai.com/api/download/models/381982,train
157873,Bocchi from Gotoh Hitori the Rock | Goofy Ai,https://civitai.com/api/download/models/177356,train
28189,Hanekawa Tsubasa & Black Hanekawa | Monogatari Series,https://civitai.com/api/download/models/33791,train
21404,Delicate ArtStyle,https://civitai.com/api/download/models/25520,train
88994,Japanese pop art style,https://civitai.com/api/download/models/94706,train
180260,Top & Shorts by Stable Yogi,https://civitai.com/api/download/models/285848,train
128358,Tareme eyes - Concept LoRA,https://civitai.com/api/download/models/140522,train
44803,Atelier Totori - Totooria Helmold トトゥーリア・ヘルモルト LoRA,https://civitai.com/api/download/models/49424,train
56417,No.407 超写实手办 Super realistic figure style,https://civitai.com/api/download/models/60831,train
132020,Silence Suzuka サイレンススズカ / Umamusume,https://civitai.com/api/download/models/145171,eval
41383,XSarchitectural_33Woodenluxurystyle,https://civitai.com/api/download/models/46323,eval
18532,平塚静-shizuka hiratsuka- yahari ore no seishun lovecome wa machigatteiru,https://civitai.com/api/download/models/278727,train
206465,Misaka Mikoto 御坂美琴 / Toaru Kagaku no Railgun,https://civitai.com/api/download/models/232427,train
85193,Shirley Fenette シャーリー・フェネット / Code Geass,https://civitai.com/api/download/models/90548,eval
85017,SilverWolf_银狼_Honkai Star Rail_星穹铁道,https://civitai.com/api/download/models/90363,train
81126,No.414 水手服 clothes sailor serafuku ,https://civitai.com/api/download/models/86053,train
103495,Pencil Sketch Style,https://civitai.com/api/download/models/110842,train
90307,Shalltear Bloodfallen (overlord),https://civitai.com/api/download/models/195800,train
201776,Ganyu 甘雨 / Genshin Impact,https://civitai.com/api/download/models/227126,train
99998,"Chizuru Ichinose (一ノ瀬ちづる) / Chizuru Mizuhara (水原千鶴) - Rent-a-Girlfriend (Kanojo, Okarishimasu) (彼女、お借りします)",https://civitai.com/api/download/models/361868,train
50218,Corrin (Fire Emblem Fates) LoRA | 7 Outfits,https://civitai.com/api/download/models/110516,eval
180894,Karin Kakudate 角楯カリン | Blue Archive | 3 Outfits,https://civitai.com/api/download/models/203009,eval
18421,Chie Satonaka | Persona 4,https://civitai.com/api/download/models/21848,train
25386,XSarchitectural-3Aerial view of large buildings,https://civitai.com/api/download/models/30388,train
24920,Sui-Feng | Bleach,https://civitai.com/api/download/models/29814,train
361847,Dynamic Shots: Collection of 60 Effects for Dramatic Photography,https://civitai.com/api/download/models/406794,train
37680,architecture watercolor style建筑水彩画风格,https://civitai.com/api/download/models/43656,train
161271,Wiz ウィズ / KONOSUBA,https://civitai.com/api/download/models/181504,train
90937,GMKJ style - Uterine Prolapse,https://civitai.com/api/download/models/232593,eval
49162,Bulma | Dragon Ball,https://civitai.com/api/download/models/53757,train
123092,Kirigiri Kyoko 霧切響子 / Danganronpa,https://civitai.com/api/download/models/134137,train
59233,YunaFFX,https://civitai.com/api/download/models/64678,train
9424,MAZDA RX-7 FD3S car LORA,https://civitai.com/api/download/models/11183,train
71550,Nagato Yuki 長門有希 / Suzumiya Haruhi Series,https://civitai.com/api/download/models/76256,eval
25807,Oversized_hoodie,https://civitai.com/api/download/models/30894,train
110352,Shizuka Mikazuki (三日月 閑) - Zom 100: Bucket List of the Dead (ゾン100～ゾンビになるまでにしたい100のこと～),https://civitai.com/api/download/models/277337,eval
72555,Nessa | Pokemon Sword and Shield,https://civitai.com/api/download/models/333783,train
103565,Jumpsuits - by EDG,https://civitai.com/api/download/models/110921,train
43199,Rikku FFX & FFX-2 | Character LoRA,https://civitai.com/api/download/models/272501,train
71639,Shantae (Shantae) LoRA,https://civitai.com/api/download/models/76352,train
153853,撑膝弯腰_leaning forward_前かがみ,https://civitai.com/api/download/models/172332,train
207526,BrutalMass,https://civitai.com/api/download/models/233660,eval
49780,DOAXVV - Misaki,https://civitai.com/api/download/models/211545,train
22998,Lolita Dress,https://civitai.com/api/download/models/27466,eval
198876,Hyper denoiser (Reduce grain noise) / ざらざらノイズ低減,https://civitai.com/api/download/models/223754,train
91988,Dullahan/Disembodied Head | Concept LoRA,https://civitai.com/api/download/models/100482,train
60855,Artist: Hiten,https://civitai.com/api/download/models/94941,train
102484,Occult Geometry,https://civitai.com/api/download/models/109648,train
96916,Erina Nakiri ( 薙切 えりな) - Food Wars! (食戟のソーマ) - COMMISSION,https://civitai.com/api/download/models/254665,eval
52685,DOA - Momiji,https://civitai.com/api/download/models/211003,eval
85497,ゼーレ - Seele / Honkai: Star Rail - 崩壊スターレイル,https://civitai.com/api/download/models/90902,train
134651,Irida カイ / Pokemon,https://civitai.com/api/download/models/148341,eval
6326,[LuisaP]✍️CUTE Flat Color + Lineart LORA,https://civitai.com/api/download/models/7417,train
261332,AstrAnime_RETRO,https://civitai.com/api/download/models/294786,train
16284,Arcade,https://civitai.com/api/download/models/78178,train
59489,Kamizaki Risa 上崎裡沙 / AMAGAMI,https://civitai.com/api/download/models/63942,train
54040,Mika Jougasaki Idolmaster - LoRA,https://civitai.com/api/download/models/58397,train
65229,Love Plus characters,https://civitai.com/api/download/models/69860,train
84400,PAseer的中式恐怖/PAseer's Chinese Horror Style,https://civitai.com/api/download/models/132287,train
60059,Hologram,https://civitai.com/api/download/models/64516,train
56915,KizukiAi - Haganai - Takayama Maria [SD1 - Original V1.5],https://civitai.com/api/download/models/61327,eval
254096,Have to Pee | Goofy Ai,https://civitai.com/api/download/models/286451,train
55842,nendoroid doll/ob11 style,https://civitai.com/api/download/models/60242,train
46406,Kurisu | Steins Gate,https://civitai.com/api/download/models/112474,train
21159,louise(Zero no Tsukaima),https://civitai.com/api/download/models/26139,train
84684,アイリ - Airi Queen's Blade / クイーンズブレイド,https://civitai.com/api/download/models/90027,eval
99951,Mari Illustrious Makinami (真希波・マリ・イラストリアス) - Neon Genesis Evangelion (新世紀エヴァンゲリオン),https://civitai.com/api/download/models/228556,train
87258,Hakase Fuyuki 葉加瀬冬雪 / Nijisanji,https://civitai.com/api/download/models/92854,train
8929,Belldandy - Oh My Goddess!,https://civitai.com/api/download/models/119368,eval
108476,Misato Katsuragi (葛城 ミサト) - Neon Genesis Evangelion (新世紀エヴァンゲリオン) - COMMISSION,https://civitai.com/api/download/models/228569,train
106161,Lilia Greyrat | Mushoku Tensei: Isekai Ittara Honki Dasu,https://civitai.com/api/download/models/114003,train
28398,Fate Grand Order-Anastasia/アナスタシア/Анастаси́я Никола́евна Рома́нова,https://civitai.com/api/download/models/34067,train
28864,Shadow Sae - Persona 5,https://civitai.com/api/download/models/34632,train
42669,Tohru - Miss Kobayashi's Dragon Maid,https://civitai.com/api/download/models/47346,train
103332,Kitasan Black キタサンブラック / Umamusume,https://civitai.com/api/download/models/110657,train
6489,Akai Haato / Haachama Hololive | 5 Outfits | Character Lora 1996,https://civitai.com/api/download/models/111865,train
25371,XSarchitectural-5Moderninterior,https://civitai.com/api/download/models/30371,train
58958,Oerba Dia Vanille (Final Fantasy XIII) LoRA,https://civitai.com/api/download/models/63408,train
120304,Flower field,https://civitai.com/api/download/models/130812,train
27538,XSarchitectural-24moonsci-fistyle,https://civitai.com/api/download/models/32972,train
55129,Athena Asamiya 97 麻宮アテナ / The King of Fighters,https://civitai.com/api/download/models/81690,train
107849,cotton pencil skirt\布材质铅笔裙,https://civitai.com/api/download/models/123359,train
59801,Artist: 赤倉/赤仓/Akakura,https://civitai.com/api/download/models/171029,train
142306,A simple school uniform一件简单的校服,https://civitai.com/api/download/models/859489,train
47214,Elie MacDowell (Ao no Kiseki/Trails to Azure) LoRA,https://civitai.com/api/download/models/121558,train
120771,Minimalist Sci-Fi Dystopia,https://civitai.com/api/download/models/131361,train
93751,Floral Bow Crystal Pointy Heels | 仙女尖头高跟鞋,https://civitai.com/api/download/models/99984,train
86204,Corporate art style,https://civitai.com/api/download/models/91638,train
95994,Hatsune Miku (Project Sekai.ver) 初音ミク / VOCALOID,https://civitai.com/api/download/models/102528,eval
168303,Prinz Eugen プリンツオイゲン / Azur Lane,https://civitai.com/api/download/models/189263,train
66029,Kurosu Gatari  / Siberian Hahasky (Style),https://civitai.com/api/download/models/71441,train
86723,Lucifer (Helltaker) | Goofy Ai,https://civitai.com/api/download/models/92248,train
55825,DOA - Helena,https://civitai.com/api/download/models/211747,train
28136,Cardesign-Syd Mead Style,https://civitai.com/api/download/models/33719,train
110368,【Costume】【Cosplay】Sideless Uniform of Ako (Blue Archive) 亚子的侧乳制服,https://civitai.com/api/download/models/225014,train
18218,【Background】【Scenery】Saigyou Ayakashi 西行妖,https://civitai.com/api/download/models/21571,train
25404,Puyo Puyo Style ,https://civitai.com/api/download/models/109488,eval
96383,KizukiAi - The Rising of the Shield Hero - Filo [SD1 - Original V1.5],https://civitai.com/api/download/models/102948,train
137984,Juvia Lockser ジュビア・ロクサー / Fairy Tail,https://civitai.com/api/download/models/152397,train
28509,Sustainer of Heavenly Principles (Asmoday) 天理の調停者 天理的维系者 Genshin Impact,https://civitai.com/api/download/models/34194,train
191667,Ishtar イシュタル / Fate/Grand Order,https://civitai.com/api/download/models/215287,train
124053,Age progression,https://civitai.com/api/download/models/135372,train
96042,Kakudate Karin (角楯カリン) Blue Archive | Character Lora 1974,https://civitai.com/api/download/models/102581,train
272815,Konjiki no Yami (Golden Darkness) 金色の闇 / To Love Ru,https://civitai.com/api/download/models/307501,train
102513,Neco-arc Character Lora,https://civitai.com/api/download/models/235300,train
115416,胸以上覆盖着蕾丝的衣服_Clothes with lace covering the collarbone,https://civitai.com/api/download/models/124855,eval
49968,Invincible Style Lora,https://civitai.com/api/download/models/208461,train
88422,"Sunomiya Sana | Don't Toy With Me, Miss Nagatoro",https://civitai.com/api/download/models/94075,eval
162209,Kafka カフカ / Honkai: Star Rail,https://civitai.com/api/download/models/182670,train
86460,Kurotaki Rin (Hentai: Saishuu chikan densha),https://civitai.com/api/download/models/91954,train
88874,机甲战斗服cyber,https://civitai.com/api/download/models/94565,train
67135,Asian Casual Wear - by EDG,https://civitai.com/api/download/models/71767,eval
183900,Ancient Greek Clothes,https://civitai.com/api/download/models/326339,train
98295,Ichika Nakano (中野 一花) - The Quintessential Quintuplets (Gotoubun no Hanayome) (五等分の花嫁),https://civitai.com/api/download/models/377080,train
142243,Holding Hands Pov | Pose LoRA,https://civitai.com/api/download/models/157703,train
97158,Better Pantyhose,https://civitai.com/api/download/models/103841,train
53953,Candice (Pokemon) LoRA,https://civitai.com/api/download/models/58314,eval
114286,Harpy (Monster Girl),https://civitai.com/api/download/models/123536,eval
242902,"Jill Valentine (Resident Evil) LoRA | 4 Outfits (RE1, RE3 Original, RE3 Remake, and RE5)",https://civitai.com/api/download/models/274077,train
200107,epiCFlashPhoto Lora,https://civitai.com/api/download/models/225171,train
12097,yuroki's model,https://civitai.com/api/download/models/14281,train
95294,nun,https://civitai.com/api/download/models/101698,train
113394,白丝 雪糕 white pantyhose,https://civitai.com/api/download/models/122491,train
37316,Ushio Kofune/小舟潮/こふねうしお/Summer Time Rendering/夏日時光/サマータイムレンダ,https://civitai.com/api/download/models/75904,eval
126245,Mevis (Hotel Transylvania),https://civitai.com/api/download/models/137976,eval
146341,滑落的肩带_strap slip_肩紐ずらし,https://civitai.com/api/download/models/162951,train
201455,Diane/ディアンヌ (Nanatsu no Taizai) LoRA,https://civitai.com/api/download/models/226733,train
125998,Yukino Yukinoshita 雪ノ下 雪乃 | My Teen Romantic Comedy is Wrong as I Expected ~ Oregairu,https://civitai.com/api/download/models/237942,train
70789,Nakoruru (The King of Fighters / Samurai Shodown ) LoRA,https://civitai.com/api/download/models/75474,train
17587,Wada Arco style V3.0 LORA,https://civitai.com/api/download/models/30123,train
26492,Lana's mom (Pokemon),https://civitai.com/api/download/models/31717,train
96279,Zelda (The Legend of Zelda: A Link Between Worlds) LoRA,https://civitai.com/api/download/models/102842,eval
191610,[Tsumasaky] Frieren Mimic Meme,https://civitai.com/api/download/models/215236,eval
129069,Mrs. Yuigahama 由比ヶ浜夫人 | My Teen Romantic Comedy is Wrong as I Expected ~ Oregairu,https://civitai.com/api/download/models/376663,train
102560,Illyasviel Von Einzbern | Fate/stay night: Unlimited Blade Works,https://civitai.com/api/download/models/109736,train
188404,Toki Asuma 飛鳥馬トキ | Blue Archive | 5 Outfits,https://civitai.com/api/download/models/211586,train
84739,Android 21 (Dragon Ball FighterZ) LoRA,https://civitai.com/api/download/models/90084,train
107873,Rory Mercury (ロゥリィ・マーキュリー) - Gate: Thus the JSDF Fought There! (GATE（ゲート）自衛隊　彼の地にて、斯く戦えり) - REUPLOAD,https://civitai.com/api/download/models/308441,train
55428,Sylphy | Amagi Brilliant Park,https://civitai.com/api/download/models/279996,train
23942,Rhea (Fire Emblem: Three Houses) LoRA | 5 Outfits,https://civitai.com/api/download/models/83156,eval
73761,Bubble Tea Challenge | Meme,https://civitai.com/api/download/models/78471,train
11690,Surcouf (Azur Lane) Swimsuit 絮库夫泳装,https://civitai.com/api/download/models/13814,train
98066,Winry Rockbell (ウィンリィ・ロックベル) - Full Metal Alchemist (鋼の錬金術師),https://civitai.com/api/download/models/104863,train
28234,Mailman,https://civitai.com/api/download/models/33851,train
100845,Albedo (アルベド) - Overlord (オーバーロード),https://civitai.com/api/download/models/196587,eval
216335,Handmade by real people–真real Chinese doll,https://civitai.com/api/download/models/243800,train
26649,Argus (Azur Lane)  School Uniform & Original Outfit 百眼巨人 校服&原版,https://civitai.com/api/download/models/31899,train
109766,92m (artist),https://civitai.com/api/download/models/118299,eval
24403,Hibana - Fire Force,https://civitai.com/api/download/models/33924,train
91428,[Character] Narmaya / MultiVerCostume (Granblue Fantasy) LoRa/LoCon/LoHa,https://civitai.com/api/download/models/100042,train
91758,PoutKiss,https://civitai.com/api/download/models/97819,train
129391,Kurokawa Akane 黒川あかね / OSHI NO KO,https://civitai.com/api/download/models/141824,train
123422,Samui (Naruto) LoRA,https://civitai.com/api/download/models/134562,train
114494,[Clothing] Sleeves Past Wrists / Sleeves Past Fingers / Moesode (萌え袖),https://civitai.com/api/download/models/123776,train
58511,Kazami Mizuho 風見みずほ / Onegai Teacher,https://civitai.com/api/download/models/62954,eval
75692,ShanShuiHua山水画,https://civitai.com/api/download/models/162957,train
104900,Kugisaki Nobara (Jujutsu Kaisen) | Goofy Ai,https://civitai.com/api/download/models/112495,train
51522,March 7th (Honkai Star Rail)/三月七,https://civitai.com/api/download/models/55994,eval
24171,Hakuren | Isekai Nonbiri Nouka,https://civitai.com/api/download/models/192864,eval
18494,Lola Bunny (Looney Toons/Space Jam) Character Lora,https://civitai.com/api/download/models/317931,train
135491,Kushida Kikyou 櫛田桔梗 / Youkoso Jitsuryoku Shijou Shugi no Kyoushitsu e,https://civitai.com/api/download/models/149347,train
48903,TailRed | Character Lora 379,https://civitai.com/api/download/models/53481,train
216228,Zerk: Lying Pose,https://civitai.com/api/download/models/243682,train
54871,Kisaki | キサキ (Blue Archive),https://civitai.com/api/download/models/59256,train
237390,Cecilia Alcott セシリア・オルコット / Infinite Stratos,https://civitai.com/api/download/models/267647,train
62036,Serana (Vanilla Skyrim),https://civitai.com/api/download/models/66555,train
52995,Arknights-Schwarz-skyline,https://civitai.com/api/download/models/57383,train
63908,JP big cosplayer girl in red uniform,https://civitai.com/api/download/models/68501,eval
49975,Mercedes von Martritz (Fire Emblem: Three Houses) LoRA | 4 Outfits,https://civitai.com/api/download/models/108286,train
28465,Kirigaya Suguha LoRA by Zodiac,https://civitai.com/api/download/models/34145,train
235178,Nishikigi Chisato 錦木千束 / Lycoris Recoil,https://civitai.com/api/download/models/265202,eval
117677,[Nightmare Series] by Junji Ito - LoRA Style,https://civitai.com/api/download/models/127567,train
71672,Mem-Cho  | Oshi no Ko | (LoRA),https://civitai.com/api/download/models/76392,train
94458,言叶之庭/The Garden of Words/新海诚/Makoto Shinkai/言の葉の庭です Lora,https://civitai.com/api/download/models/100760,train
10783,Cattleya - Queen's Blade,https://civitai.com/api/download/models/126413,train
215231,Anthology | Dragon Ball Style (updatable build) | SD1.5,https://civitai.com/api/download/models/365887,train
127555,粿条cartoon grass scene model 3D电商卡通草地场景,https://civitai.com/api/download/models/139576,train
10090,Uzumaki Kushina - Naruto,https://civitai.com/api/download/models/1668096,eval
9180,"Tashkent (Azur Lane) ""The Bound Cruiser"" 塔什干-受缚的巡洋舰",https://civitai.com/api/download/models/10874,train
110331,Beatrix Amerhauser (ベアトリクス・アメルハウザー) - Zom 100: Bucket List of the Dead (ゾン100～ゾンビになるまでにしたい100のこと～),https://civitai.com/api/download/models/277321,eval
117133,Lolita BJD,https://civitai.com/api/download/models/126896,train
102066,Hinata Hyuuga (日向ヒナタ) - Naruto (ナルト) - COMMISSION,https://civitai.com/api/download/models/239517,train
115652,Hayasaka Ai | Kaguya-sama wa Kokurasetai,https://civitai.com/api/download/models/125146,eval
127614,Child illustrationa,https://civitai.com/api/download/models/139639,train
119450,Mia Cha (Secret Class),https://civitai.com/api/download/models/129775,train
39291,XSarchitectural_32ModernChinesestyle,https://civitai.com/api/download/models/45212,train
97114,Kiryu Coco 桐生ココ / Hololive,https://civitai.com/api/download/models/103782,eval
227635,Ashley Graham/アシュリー・グラハム (Resident Evil 4) LoRA,https://civitai.com/api/download/models/256806,train
89657,Iroha (Samurai Shodown) LoRA,https://civitai.com/api/download/models/95443,train
22870,冰箱贴 | Refrigerator sticker style,https://civitai.com/api/download/models/27307,eval
155788,Frieren (フリーレン) - Frieren: Beyond Journey's End (葬送のフリーレン),https://civitai.com/api/download/models/206329,eval
23837,Bulma Brief (Multiple older versions) - Dragon Ball Z and Super,https://civitai.com/api/download/models/118983,train
27931,Palutena Kid Icarus | Character LoRA,https://civitai.com/api/download/models/177072,train
52552,Karen (Pokemon) LoRA,https://civitai.com/api/download/models/56958,train
88569,Nihilister (NIKKE) LoRA,https://civitai.com/api/download/models/94244,train
98242,Alice Zuberg (アリス・ツーベルク) - Sword Art Online (ソードアート・オンライン),https://civitai.com/api/download/models/180916,eval
153710,Jasmine,https://civitai.com/api/download/models/172165,train
217326,Floral Dress Collection By Stable Yogi,https://civitai.com/api/download/models/274035,eval
98313,Itsuki Nakano (中野 五月) - The Quintessential Quintuplets (Gotoubun no Hanayome) (五等分の花嫁),https://civitai.com/api/download/models/377089,train
175503,LoRA / Concept | Latex Bodysuit (+Rope Bondage),https://civitai.com/api/download/models/197057,train
63627,Tendou Alice (天童アリス) Blue Archive | Character Lora 1616,https://civitai.com/api/download/models/68190,train
49983,Alice von Ataraxia | Solo Max-Level Newbie (Manhwa),https://civitai.com/api/download/models/220061,train
157521,"Buruma, Bloomers(Old Japanese Gym Uniform)",https://civitai.com/api/download/models/176926,train
54432,Rinoa Heartilly (Final Fantasy VIII) LoRA,https://civitai.com/api/download/models/58796,eval
153337,Children's picture book 童话镇,https://civitai.com/api/download/models/171704,train
36853,Layla Genshin Impact | Character Lora 418,https://civitai.com/api/download/models/42884,train
99402,Ram (ラム) - Re:Zero (Re：ゼロから始める異世界生活),https://civitai.com/api/download/models/181295,train
181699,Iino Miko 伊井野ミコ / Kaguya-sama wa Kokurasetai,https://civitai.com/api/download/models/203909,eval
93826,EnviromentArt,https://civitai.com/api/download/models/120191,train
70063,Norman Rockwell style 诺曼·洛克威尔,https://civitai.com/api/download/models/74723,train
101510,Ciri | The Witcher 3 : Wild Hunt,https://civitai.com/api/download/models/271350,train
117735,Mikan Yuuki (結城 美柑) - To Love Ru (とらぶる),https://civitai.com/api/download/models/222572,train
130637,Corset Gothique - by EDG,https://civitai.com/api/download/models/143330,train
63510,【Concept】Just Another Skeleton 骸,https://civitai.com/api/download/models/68072,train
38373,"lihuacat,Chinese Li Hua,Dragen-Li,中国狸花猫，貍花貓，nekolihua",https://civitai.com/api/download/models/44318,train
64323,"Backrooms - Level 2: "" Pipe Dreams """,https://civitai.com/api/download/models/68920,eval
208175,Inoue Orihime/井上 織姫 (Bleach) LoRA | 6 Outfits,https://civitai.com/api/download/models/234437,eval
